iso_time,t_rel_s,temp_c,setpoint_c,power_pct
2025-09-05T11:33:21,0.115,20.044,34.000,3042.71
2025-09-05T11:33:22,1.109,20.065,34.000,9210.71
2025-09-05T11:33:23,2.103,19.937,34.000,9271.64
2025-09-05T11:33:24,3.107,19.798,34.000,9328.05
2025-09-05T11:33:25,4.107,19.745,34.000,9336.59
2025-09-05T11:33:26,5.107,19.819,34.000,9302.42
2025-09-05T11:33:27,6.104,19.915,34.000,9272.51
2025-09-05T11:33:28,7.110,19.990,34.000,9233.20
2025-09-05T11:33:29,8.110,20.012,34.000,9229.78
2025-09-05T11:33:30,9.108,20.108,34.000,9184.47
2025-09-05T11:33:31,10.104,20.204,34.000,9146.00
2025-09-05T11:33:32,11.109,20.300,34.000,9124.62
2025-09-05T11:33:33,12.112,20.396,34.000,9069.03
2025-09-05T11:33:34,13.109,20.503,34.000,9026.26
2025-09-05T11:33:35,14.105,20.632,34.000,8973.21
2025-09-05T11:33:36,15.110,20.739,34.000,8932.12
2025-09-05T11:33:37,16.110,20.846,34.000,8889.31
2025-09-05T11:33:38,17.112,20.953,34.000,8846.50
2025-09-05T11:33:39,18.105,21.060,34.000,8803.66
2025-09-05T11:33:40,19.112,21.178,34.000,8756.53
2025-09-05T11:33:41,20.114,21.285,34.000,8713.68
2025-09-05T11:33:42,21.114,21.381,34.000,8676.81
2025-09-05T11:33:43,22.107,21.488,34.000,8632.21
2025-09-05T11:33:44,23.112,21.596,34.000,8610.76
2025-09-05T11:33:45,24.119,21.692,34.000,8552.40
2025-09-05T11:33:46,25.114,21.789,34.000,8529.22
2025-09-05T11:33:47,26.109,21.875,34.000,8479.41
2025-09-05T11:33:48,27.117,21.971,34.000,8440.75
2025-09-05T11:33:49,28.112,22.068,34.000,8402.08
2025-09-05T11:33:50,29.115,22.154,34.000,8367.69
2025-09-05T11:33:51,30.116,22.240,34.000,8333.28
2025-09-05T11:33:52,31.112,22.337,34.000,8294.57
2025-09-05T11:33:53,32.218,22.423,34.000,8260.15
2025-09-05T11:33:54,33.256,22.509,34.000,8225.70
2025-09-05T11:33:55,34.114,22.606,34.000,8186.95
2025-09-05T11:33:56,35.118,22.692,34.000,8169.72
2025-09-05T11:33:57,36.116,22.778,34.000,8118.00
2025-09-05T11:33:58,37.116,22.864,34.000,8083.51
2025-09-05T11:33:59,38.117,22.951,34.000,8049.00
2025-09-05T11:34:00,39.126,23.037,34.000,8014.48
2025-09-05T11:34:01,40.114,23.123,34.000,7979.95
2025-09-05T11:34:02,41.114,23.188,34.000,7955.77
2025-09-05T11:34:03,42.115,23.263,34.000,7925.53
2025-09-05T11:34:04,43.123,23.339,34.000,7893.55
2025-09-05T11:34:05,44.124,23.426,34.000,7858.96
2025-09-05T11:34:06,45.120,23.512,34.000,7824.36
2025-09-05T11:34:07,46.118,23.588,34.000,7795.80
2025-09-05T11:34:08,47.121,23.664,34.000,7763.77
2025-09-05T11:34:09,48.132,23.739,34.000,7735.18
2025-09-05T11:34:10,49.117,23.815,34.000,7704.86
2025-09-05T11:34:11,50.119,23.924,34.000,7656.30
2025-09-05T11:34:12,51.120,24.130,34.000,7566.89
2025-09-05T11:34:13,52.119,24.347,34.000,7481.78
2025-09-05T11:34:14,53.123,24.477,34.000,7436.55
2025-09-05T11:34:15,54.119,24.542,34.000,7413.92
2025-09-05T11:34:16,55.121,24.619,34.000,7383.45
2025-09-05T11:34:17,56.132,24.684,34.000,7357.32
2025-09-05T11:34:18,57.122,24.749,34.000,7331.18
2025-09-05T11:34:19,58.117,24.815,34.000,7305.03
2025-09-05T11:34:20,59.142,24.891,34.000,7273.63
2025-09-05T11:34:21,60.129,24.967,34.000,7242.22
2025-09-05T11:34:22,61.125,25.033,34.000,7217.77
2025-09-05T11:34:23,62.125,25.109,34.000,7187.20
2025-09-05T11:34:24,63.125,25.186,34.000,7154.87
2025-09-05T11:34:25,64.120,25.251,34.000,7130.39
2025-09-05T11:34:26,65.132,25.328,34.000,7098.90
2025-09-05T11:34:27,66.122,25.393,34.000,7073.52
2025-09-05T11:34:28,67.127,25.393,34.000,7072.64
2025-09-05T11:34:29,68.127,25.284,34.000,7129.49
2025-09-05T11:34:30,69.123,25.229,34.000,7147.87
2025-09-05T11:34:31,70.121,25.295,34.000,7107.65
2025-09-05T11:34:32,71.128,25.361,34.000,7086.65
2025-09-05T11:34:33,72.126,25.426,34.000,7060.39
2025-09-05T11:34:34,73.126,25.481,34.000,7038.49
2025-09-05T11:34:35,74.124,25.547,34.000,7012.21
2025-09-05T11:34:36,75.126,25.612,34.000,6985.92
2025-09-05T11:34:37,76.124,25.678,34.000,6959.60
2025-09-05T11:34:38,77.126,25.744,34.000,6933.28
2025-09-05T11:34:39,78.126,25.810,34.000,6906.95
2025-09-05T11:34:40,79.128,25.865,34.000,6884.99
2025-09-05T11:34:41,80.127,25.931,34.000,6858.64
2025-09-05T11:34:42,81.131,25.985,34.000,6836.66
2025-09-05T11:34:43,82.126,26.051,34.000,6823.47
2025-09-05T11:34:44,83.132,26.117,34.000,6783.88
2025-09-05T11:34:45,84.133,26.172,34.000,6763.64
2025-09-05T11:34:46,85.133,26.227,34.000,6739.86
2025-09-05T11:34:47,86.128,26.293,34.000,6713.42
2025-09-05T11:34:48,87.131,26.360,34.000,6686.98
2025-09-05T11:34:49,88.126,26.415,34.000,6664.93
2025-09-05T11:34:50,89.138,26.470,34.000,6642.87
2025-09-05T11:34:51,90.129,26.525,34.000,6620.80
2025-09-05T11:34:52,91.131,26.591,34.000,6594.31
2025-09-05T11:34:53,92.134,26.646,34.000,6572.22
2025-09-05T11:34:54,93.132,26.702,34.000,6551.88
2025-09-05T11:34:55,94.130,26.768,34.000,6536.85
2025-09-05T11:34:56,95.133,26.823,34.000,6503.23
2025-09-05T11:34:57,96.133,26.890,34.000,6474.89
2025-09-05T11:34:58,97.132,26.945,34.000,6454.52
2025-09-05T11:34:59,98.131,27.000,34.000,6432.37
2025-09-05T11:35:00,99.132,27.045,34.000,6414.63
2025-09-05T11:35:01,100.131,27.111,34.000,6386.24
2025-09-05T11:35:02,101.133,27.178,34.000,6359.61
2025-09-05T11:35:03,102.132,27.233,34.000,6339.19
2025-09-05T11:35:04,103.135,27.278,34.000,6321.42
2025-09-05T11:35:05,104.146,27.322,34.000,6303.65
2025-09-05T11:35:06,105.135,27.378,34.000,6281.42
2025-09-05T11:35:07,106.132,27.433,34.000,6259.18
2025-09-05T11:35:08,107.135,27.489,34.000,6236.93
2025-09-05T11:35:09,108.157,27.545,34.000,6214.66
2025-09-05T11:35:10,109.136,27.589,34.000,6196.84
2025-09-05T11:35:11,110.132,27.634,34.000,6179.02
2025-09-05T11:35:12,111.136,27.712,34.000,6142.44
2025-09-05T11:35:13,112.138,27.846,34.000,6087.08
2025-09-05T11:35:14,113.137,28.058,34.000,5994.96
2025-09-05T11:35:15,114.135,28.192,34.000,5950.18
2025-09-05T11:35:16,115.137,28.282,34.000,5919.71
2025-09-05T11:35:17,116.140,28.327,34.000,5901.76
2025-09-05T11:35:18,117.140,28.383,34.000,5879.32
2025-09-05T11:35:19,118.134,28.439,34.000,5855.97
2025-09-05T11:35:20,119.139,28.484,34.000,5838.90
2025-09-05T11:35:21,120.142,28.529,34.000,5820.92
2025-09-05T11:35:22,121.140,28.585,34.000,5796.64
2025-09-05T11:35:23,122.136,28.641,34.000,5774.14
2025-09-05T11:35:24,123.142,28.686,34.000,5757.93
2025-09-05T11:35:25,124.138,28.731,34.000,5739.92
2025-09-05T11:35:26,125.145,28.777,34.000,5721.89
2025-09-05T11:35:27,126.143,28.833,34.000,5699.35
2025-09-05T11:35:28,127.141,28.878,34.000,5681.31
2025-09-05T11:35:29,128.141,28.912,34.000,5669.58
2025-09-05T11:35:30,129.144,28.957,34.000,5649.71
2025-09-05T11:35:31,130.140,29.002,34.000,5631.65
2025-09-05T11:35:32,131.141,29.047,34.000,5613.57
2025-09-05T11:35:33,132.175,29.093,34.000,5595.49
2025-09-05T11:35:34,133.144,29.138,34.000,5577.40
2025-09-05T11:35:35,134.140,29.183,34.000,5559.30
2025-09-05T11:35:36,135.143,29.206,34.000,5552.06
2025-09-05T11:35:37,136.144,29.240,34.000,5538.47
2025-09-05T11:35:38,137.144,29.285,34.000,5518.54
2025-09-05T11:35:39,138.141,29.342,34.000,5495.88
2025-09-05T11:35:40,139.146,29.387,34.000,5477.74
2025-09-05T11:35:41,140.145,29.432,34.000,5459.59
2025-09-05T11:35:42,141.144,29.421,34.000,5463.22
2025-09-05T11:35:43,142.142,29.376,34.000,5489.52
2025-09-05T11:35:44,143.144,29.296,34.000,5523.07
2025-09-05T11:35:45,144.146,29.251,34.000,5539.38
2025-09-05T11:35:46,145.147,29.240,34.000,5541.19
2025-09-05T11:35:47,146.145,29.274,34.000,5523.07
2025-09-05T11:35:48,147.147,29.308,34.000,5511.29
2025-09-05T11:35:49,148.147,29.353,34.000,5491.35
2025-09-05T11:35:50,149.151,29.387,34.000,5477.74
2025-09-05T11:35:51,150.144,29.432,34.000,5459.59
2025-09-05T11:35:52,151.155,29.478,34.000,5441.44
2025-09-05T11:35:53,152.149,29.523,34.000,5423.27
2025-09-05T11:35:54,153.148,29.557,34.000,5409.64
2025-09-05T11:35:55,154.146,29.591,34.000,5397.82
2025-09-05T11:35:56,155.153,29.637,34.000,5377.82
2025-09-05T11:35:57,156.148,29.682,34.000,5359.62
2025-09-05T11:35:58,157.149,29.716,34.000,5347.78
2025-09-05T11:35:59,158.146,29.750,34.000,5334.12
2025-09-05T11:36:00,159.149,29.785,34.000,5318.64
2025-09-05T11:36:01,160.150,29.819,34.000,5306.79
2025-09-05T11:36:02,161.152,29.864,34.000,5286.74
2025-09-05T11:36:03,162.147,29.899,34.000,5273.05
2025-09-05T11:36:04,163.147,29.933,34.000,5261.19
2025-09-05T11:36:05,164.160,29.956,34.000,5252.07
2025-09-05T11:36:06,165.152,29.978,34.000,5242.93
2025-09-05T11:36:07,166.151,30.013,34.000,5227.41
2025-09-05T11:36:08,167.150,30.047,34.000,5215.53
2025-09-05T11:36:09,168.159,30.093,34.000,5195.42
2025-09-05T11:36:10,169.155,30.127,34.000,5181.70
2025-09-05T11:36:11,170.154,30.161,34.000,5169.81
2025-09-05T11:36:12,171.161,30.207,34.000,5149.68
2025-09-05T11:36:13,172.153,30.241,34.000,5135.94
2025-09-05T11:36:14,173.152,30.276,34.000,5124.03
2025-09-05T11:36:15,174.149,30.321,34.000,5103.87
2025-09-05T11:36:16,175.154,30.344,34.000,5096.54
2025-09-05T11:36:17,176.154,30.379,34.000,5082.78
2025-09-05T11:36:18,177.154,30.402,34.000,5073.61
2025-09-05T11:36:19,178.155,30.436,34.000,5059.84
2025-09-05T11:36:20,179.154,30.459,34.000,5050.66
2025-09-05T11:36:21,180.155,30.539,34.000,5012.98
2025-09-05T11:36:22,181.156,30.701,34.000,4939.32
2025-09-05T11:36:23,182.153,30.896,34.000,4864.67
2025-09-05T11:36:24,183.155,31.023,34.000,4817.59
2025-09-05T11:36:25,184.159,31.058,34.000,4811.10
2025-09-05T11:36:26,185.156,31.093,34.000,4797.23
2025-09-05T11:36:27,186.154,31.127,34.000,4782.43
2025-09-05T11:36:28,187.156,31.162,34.000,4778.73
2025-09-05T11:36:29,188.157,31.197,34.000,4755.59
2025-09-05T11:36:30,189.157,31.220,34.000,4746.31
2025-09-05T11:36:31,190.154,31.243,34.000,4737.05
2025-09-05T11:36:32,191.157,31.289,34.000,4716.65
2025-09-05T11:36:33,192.158,31.324,34.000,4704.59
2025-09-05T11:36:34,193.159,31.347,34.000,4695.31
2025-09-05T11:36:35,194.168,31.371,34.000,4686.03
2025-09-05T11:36:36,195.159,31.417,34.000,4665.61
2025-09-05T11:36:37,196.160,31.452,34.000,4651.67
2025-09-05T11:36:38,197.166,31.487,34.000,4639.59
2025-09-05T11:36:39,198.161,31.510,34.000,4630.29
2025-09-05T11:36:40,199.170,31.533,34.000,4620.99
2025-09-05T11:36:41,200.159,31.556,34.000,4611.69
2025-09-05T11:36:42,201.161,31.591,34.000,4597.73
2025-09-05T11:36:43,202.157,31.626,34.000,4581.90
2025-09-05T11:36:44,203.161,31.661,34.000,4569.79
2025-09-05T11:36:45,204.161,31.684,34.000,4560.47
2025-09-05T11:36:46,205.162,31.696,34.000,4555.81
2025-09-05T11:36:47,206.158,31.719,34.000,4546.49
2025-09-05T11:36:48,207.166,31.754,34.000,4530.64
2025-09-05T11:36:49,208.163,31.778,34.000,4523.17
2025-09-05T11:36:50,209.162,31.813,34.000,4507.31
2025-09-05T11:36:51,210.160,31.836,34.000,4499.84
2025-09-05T11:36:52,211.163,31.859,34.000,4490.50
2025-09-05T11:36:53,212.162,31.848,34.000,4497.97
2025-09-05T11:36:54,213.164,31.848,34.000,4497.04
2025-09-05T11:36:55,214.163,31.883,34.000,4479.29
2025-09-05T11:36:56,215.163,31.906,34.000,4471.81
2025-09-05T11:36:57,216.163,31.941,34.000,4457.79
2025-09-05T11:36:58,217.164,31.894,34.000,4483.94
2025-09-05T11:36:59,218.162,31.766,34.000,4497.94
2025-09-05T11:37:00,219.166,31.626,34.000,4594.92
2025-09-05T11:37:01,220.164,31.556,34.000,4619.13
2025-09-05T11:37:02,221.165,31.591,34.000,4597.73
2025-09-05T11:37:03,222.163,31.615,34.000,4588.42
2025-09-05T11:37:04,223.165,31.649,34.000,4574.45
2025-09-05T11:37:05,224.170,31.731,34.000,4537.15
2025-09-05T11:37:06,225.167,31.941,34.000,4442.70
2025-09-05T11:37:07,226.169,32.152,34.000,4358.55
2025-09-05T11:37:08,227.168,32.234,34.000,4338.82
2025-09-05T11:37:09,228.166,32.257,34.000,4331.31
2025-09-05T11:37:10,229.167,32.269,34.000,4328.49
2025-09-05T11:37:11,230.165,32.257,34.000,4333.18
2025-09-05T11:37:12,231.178,32.257,34.000,4333.18
2025-09-05T11:37:13,232.168,32.246,34.000,4337.88
2025-09-05T11:37:14,233.168,32.246,34.000,4337.88
2025-09-05T11:37:15,234.167,32.246,34.000,4336.00
2025-09-05T11:37:16,235.170,32.246,34.000,4337.88
2025-09-05T11:37:17,236.170,32.246,34.000,4337.88
2025-09-05T11:37:18,237.169,32.234,34.000,4342.57
2025-09-05T11:37:19,238.169,32.234,34.000,4342.57
2025-09-05T11:37:20,239.172,32.257,34.000,4331.31
2025-09-05T11:37:21,240.195,32.293,34.000,4317.22
2025-09-05T11:37:22,241.174,32.316,34.000,4307.83
2025-09-05T11:37:23,242.175,32.339,34.000,4300.31
2025-09-05T11:37:24,243.178,32.351,34.000,4295.61
2025-09-05T11:37:25,244.175,32.351,34.000,4295.61
2025-09-05T11:37:26,245.209,32.363,34.000,4290.91
2025-09-05T11:37:27,246.174,32.398,34.000,4273.04
2025-09-05T11:37:28,247.182,32.422,34.000,4265.51
2025-09-05T11:37:29,248.179,32.445,34.000,4256.11
2025-09-05T11:37:30,249.182,32.445,34.000,4257.99
2025-09-05T11:37:31,250.178,32.457,34.000,4251.40
2025-09-05T11:37:32,251.182,32.481,34.000,4241.98
2025-09-05T11:37:33,252.182,32.516,34.000,4225.97
2025-09-05T11:37:34,253.193,32.539,34.000,4218.43
2025-09-05T11:37:35,254.182,32.563,34.000,4209.01
2025-09-05T11:37:36,255.195,32.587,34.000,4199.58
2025-09-05T11:37:37,256.182,32.610,34.000,4190.15
2025-09-05T11:37:38,257.183,32.622,34.000,4187.32
2025-09-05T11:37:39,258.181,32.646,34.000,4175.99
2025-09-05T11:37:40,259.184,32.669,34.000,4166.56
2025-09-05T11:37:41,260.185,32.681,34.000,4163.72
2025-09-05T11:37:42,261.185,32.705,34.000,4152.39
2025-09-05T11:37:43,262.200,32.728,34.000,4142.95
2025-09-05T11:37:44,263.187,32.740,34.000,4140.11
2025-09-05T11:37:45,264.189,32.764,34.000,4128.77
2025-09-05T11:37:46,265.187,32.787,34.000,4119.32
2025-09-05T11:37:47,266.185,32.811,34.000,4111.75
2025-09-05T11:37:48,267.188,32.752,34.000,4141.03
2025-09-05T11:37:49,268.189,32.657,34.000,4180.71
2025-09-05T11:37:50,269.188,32.528,34.000,4232.54
2025-09-05T11:37:51,270.195,32.469,34.000,4252.32
2025-09-05T11:37:52,271.191,32.445,34.000,4259.87
2025-09-05T11:37:53,272.217,32.457,34.000,4251.40
2025-09-05T11:37:54,273.188,32.481,34.000,4241.98
2025-09-05T11:37:55,274.186,32.504,34.000,4232.57
2025-09-05T11:37:56,275.185,32.528,34.000,4227.85
2025-09-05T11:37:57,276.190,32.551,34.000,4213.72
2025-09-05T11:37:58,277.190,32.563,34.000,4210.89
2025-09-05T11:37:59,278.184,32.563,34.000,4210.89
2025-09-05T11:38:00,279.187,32.575,34.000,4205.24
2025-09-05T11:38:01,280.190,32.598,34.000,4194.86
2025-09-05T11:38:02,281.190,32.622,34.000,4185.43
2025-09-05T11:38:03,282.186,32.634,34.000,4187.32
2025-09-05T11:38:04,283.190,32.657,34.000,4171.28
2025-09-05T11:38:05,284.195,32.681,34.000,4161.83
2025-09-05T11:38:06,285.196,32.681,34.000,4163.72
2025-09-05T11:38:07,286.187,32.705,34.000,4152.39
2025-09-05T11:38:08,287.192,32.728,34.000,4142.95
2025-09-05T11:38:09,288.193,32.764,34.000,4128.77
2025-09-05T11:38:10,289.193,32.787,34.000,4119.32
2025-09-05T11:38:11,290.191,32.799,34.000,4116.48
2025-09-05T11:38:12,291.192,32.811,34.000,4110.81
2025-09-05T11:38:13,292.194,32.835,34.000,4100.40
2025-09-05T11:38:14,293.193,32.858,34.000,4090.94
2025-09-05T11:38:15,294.192,32.977,34.000,4028.30
2025-09-05T11:38:16,295.192,33.191,34.000,3942.83
2025-09-05T11:38:17,296.195,33.392,34.000,3863.90
2025-09-05T11:38:18,297.199,33.416,34.000,3867.66
2025-09-05T11:38:19,298.191,33.440,34.000,3858.12
2025-09-05T11:38:20,299.198,33.452,34.000,3855.26
2025-09-05T11:38:21,300.194,33.452,34.000,3855.26
2025-09-05T11:38:22,301.195,33.464,34.000,3850.49
2025-09-05T11:38:23,302.194,33.488,34.000,3839.03
2025-09-05T11:38:24,303.202,33.500,34.000,3836.17
2025-09-05T11:38:25,304.202,33.512,34.000,3831.40
2025-09-05T11:38:26,305.201,33.536,34.000,3819.93
2025-09-05T11:38:27,306.196,33.369,34.000,3868.43
2025-09-05T11:38:28,307.197,33.190,34.000,3975.17
2025-09-05T11:38:29,308.197,33.095,34.000,3998.04
2025-09-05T11:38:30,309.198,33.095,34.000,3998.04
2025-09-05T11:38:31,310.194,33.095,34.000,3998.04
2025-09-05T11:38:32,311.197,33.119,34.000,3986.64
2025-09-05T11:38:33,312.201,33.143,34.000,3977.14
2025-09-05T11:38:34,313.197,33.155,34.000,3974.29
2025-09-05T11:38:35,314.223,33.155,34.000,3974.29
2025-09-05T11:38:36,315.199,33.178,34.000,3962.88
2025-09-05T11:38:37,316.198,33.202,34.000,3953.38
2025-09-05T11:38:38,317.199,33.214,34.000,3950.52
2025-09-05T11:38:39,318.197,33.214,34.000,3950.52
2025-09-05T11:38:40,319.200,33.238,34.000,3939.11
2025-09-05T11:38:41,320.202,33.273,34.000,3923.88
2025-09-05T11:38:42,321.196,33.285,34.000,3921.98
2025-09-05T11:38:43,322.196,33.297,34.000,3917.22
2025-09-05T11:38:44,323.200,33.321,34.000,3905.79
2025-09-05T11:38:45,324.200,33.357,34.000,3891.50
2025-09-05T11:38:46,325.204,33.381,34.000,3881.97
2025-09-05T11:38:47,326.198,33.392,34.000,3879.11
2025-09-05T11:38:48,327.202,33.404,34.000,3874.34
2025-09-05T11:38:49,328.204,33.428,34.000,3862.89
2025-09-05T11:38:50,329.202,33.464,34.000,3846.66
2025-09-05T11:38:51,330.200,33.596,34.000,3788.34
2025-09-05T11:38:52,331.207,33.811,34.000,3694.45
2025-09-05T11:38:53,332.225,33.943,34.000,3651.26
2025-09-05T11:38:54,333.262,33.991,34.000,3639.74
2025-09-05T11:38:55,334.201,34.003,34.000,3634.91
2025-09-05T11:38:56,335.204,34.003,34.000,3634.90
2025-09-05T11:38:57,336.214,34.015,34.000,3630.01
2025-09-05T11:38:58,337.205,34.039,34.000,3618.30
2025-09-05T11:38:59,338.201,34.051,34.000,3615.16
2025-09-05T11:39:00,339.205,34.051,34.000,3614.90
2025-09-05T11:39:01,340.206,34.063,34.000,3607.88
2025-09-05T11:39:02,341.218,34.063,34.000,3609.49
2025-09-05T11:39:03,342.202,34.087,34.000,3597.53
2025-09-05T11:39:04,343.205,34.099,34.000,3592.25
2025-09-05T11:39:05,344.204,34.111,34.000,3588.80
2025-09-05T11:39:06,345.208,34.111,34.000,3588.25
2025-09-05T11:39:07,346.209,34.135,34.000,3576.04
2025-09-05T11:39:08,347.207,34.147,34.000,3570.51
2025-09-05T11:39:09,348.232,34.159,34.000,3566.82
2025-09-05T11:39:10,349.222,34.171,34.000,3560.18
2025-09-05T11:39:11,350.205,34.171,34.000,3560.29
2025-09-05T11:39:12,351.232,34.184,34.000,3552.65
2025-09-05T11:39:13,352.216,34.196,34.000,3548.78
2025-09-05T11:39:14,353.212,34.220,34.000,3536.13
2025-09-05T11:39:15,354.220,34.220,34.000,3536.96
2025-09-05T11:39:16,355.210,34.232,34.000,3530.98
2025-09-05T11:39:17,356.208,34.232,34.000,3529.82
2025-09-05T11:39:18,357.209,34.232,34.000,3528.66
2025-09-05T11:39:19,358.217,34.232,34.000,3527.50
2025-09-05T11:39:20,359.213,34.232,34.000,3526.35
2025-09-05T11:39:21,360.214,34.244,34.000,3518.40
2025-09-05T11:39:22,361.213,34.268,34.000,3507.43
2025-09-05T11:39:23,362.208,34.292,34.000,3496.35
2025-09-05T11:39:24,363.210,34.292,34.000,3496.82
2025-09-05T11:39:25,364.207,34.292,34.000,3495.36
2025-09-05T11:39:26,365.220,34.292,34.000,3493.90
2025-09-05T11:39:27,366.208,34.316,34.000,3480.75
2025-09-05T11:39:28,367.226,34.340,34.000,3469.42
2025-09-05T11:39:29,368.211,34.352,34.000,3464.75
2025-09-05T11:39:30,369.209,34.352,34.000,3462.99
2025-09-05T11:39:31,370.212,34.352,34.000,3461.23
2025-09-05T11:39:32,371.213,34.365,34.000,3452.67
2025-09-05T11:39:33,372.244,34.365,34.000,3452.78
2025-09-05T11:39:34,373.213,34.389,34.000,3439.26
2025-09-05T11:39:35,374.242,34.401,34.000,3432.45
2025-09-05T11:39:36,375.213,34.413,34.000,3427.48
2025-09-05T11:39:37,376.213,34.172,34.000,3530.41
2025-09-05T11:39:38,377.212,34.076,34.000,3568.54
2025-09-05T11:39:39,378.211,34.099,34.000,3549.10
2025-09-05T11:39:40,379.215,34.003,34.000,3597.03
2025-09-05T11:39:41,380.230,33.931,34.000,3622.33
2025-09-05T11:39:42,381.220,33.931,34.000,3618.83
2025-09-05T11:39:43,382.222,33.955,34.000,3607.55
2025-09-05T11:39:44,383.216,33.979,34.000,3598.08
2025-09-05T11:39:45,384.216,33.991,34.000,3595.24
2025-09-05T11:39:46,385.216,33.991,34.000,3595.28
2025-09-05T11:39:47,386.218,33.991,34.000,3595.33
2025-09-05T11:39:48,387.216,33.991,34.000,3595.37
2025-09-05T11:39:49,388.216,33.991,34.000,3595.42
2025-09-05T11:39:50,389.218,33.991,34.000,3595.46
2025-09-05T11:39:51,390.215,34.003,34.000,3588.75
2025-09-05T11:39:52,391.221,34.027,34.000,3579.02
2025-09-05T11:39:53,392.221,34.051,34.000,3569.17
2025-09-05T11:39:54,393.219,34.051,34.000,3570.84
2025-09-05T11:39:55,394.220,34.051,34.000,3570.59
2025-09-05T11:39:56,395.220,34.051,34.000,3570.33
2025-09-05T11:39:57,396.220,34.063,34.000,3565.20
2025-09-05T11:39:58,397.223,34.063,34.000,3564.89
2025-09-05T11:39:59,398.220,34.075,34.000,3559.70
2025-09-05T11:40:00,399.224,34.099,34.000,3547.68
2025-09-05T11:40:01,400.224,34.111,34.000,3544.23
2025-09-05T11:40:02,401.224,34.159,34.000,3516.54
2025-09-05T11:40:03,402.221,34.280,34.000,3463.17
2025-09-05T11:40:04,403.224,34.474,34.000,3379.82
2025-09-05T11:40:05,404.226,34.595,34.000,3334.34
2025-09-05T11:40:06,405.225,34.631,34.000,3324.41
2025-09-05T11:40:07,406.223,34.643,34.000,3318.28
2025-09-05T11:40:08,407.225,34.655,34.000,3309.18
2025-09-05T11:40:09,408.223,34.655,34.000,3306.88
2025-09-05T11:40:10,409.232,34.655,34.000,3303.60
2025-09-05T11:40:11,410.225,34.655,34.000,3300.32
2025-09-05T11:40:12,411.227,34.667,34.000,3290.21
2025-09-05T11:40:13,412.232,34.692,34.000,3277.07
2025-09-05T11:40:14,413.228,34.716,34.000,3263.79
2025-09-05T11:40:15,414.231,34.716,34.000,3262.15
2025-09-05T11:40:16,415.229,34.716,34.000,3258.57
2025-09-05T11:40:17,416.227,34.728,34.000,3248.16
2025-09-05T11:40:18,417.231,34.752,34.000,3234.70
2025-09-05T11:40:19,418.225,34.777,34.000,3221.12
2025-09-05T11:40:20,419.244,34.777,34.000,3221.12
2025-09-05T11:40:21,420.232,34.777,34.000,3215.30
2025-09-05T11:40:22,421.229,34.777,34.000,3213.35
2025-09-05T11:40:23,422.230,34.740,34.000,3228.02
2025-09-05T11:40:24,423.232,34.631,34.000,3247.65
2025-09-05T11:40:25,424.230,34.473,34.000,3336.80
2025-09-05T11:40:26,425.227,34.389,34.000,3361.95
2025-09-05T11:40:27,426.227,34.352,34.000,3369.82
2025-09-05T11:40:28,427.234,34.352,34.000,3366.13
2025-09-05T11:40:29,428.238,34.340,34.000,3371.16
2025-09-05T11:40:30,429.232,34.316,34.000,3379.21
2025-09-05T11:40:31,430.232,34.304,34.000,3380.59
2025-09-05T11:40:32,431.234,34.328,34.000,3367.35
2025-09-05T11:40:33,432.233,34.352,34.000,3355.95
2025-09-05T11:40:34,433.230,34.352,34.000,3356.12
2025-09-05T11:40:35,434.230,34.352,34.000,3354.36
2025-09-05T11:40:36,435.232,34.352,34.000,3352.60
2025-09-05T11:40:37,436.236,34.352,34.000,3351.72
2025-09-05T11:40:38,437.234,34.389,34.000,3328.67
2025-09-05T11:40:39,438.230,34.413,34.000,3320.79
2025-09-05T11:40:40,439.232,34.437,34.000,3308.96
2025-09-05T11:40:41,440.246,34.413,34.000,3318.52
2025-09-05T11:40:42,441.233,34.413,34.000,3317.49
2025-09-05T11:40:43,442.232,34.413,34.000,3314.39
2025-09-05T11:40:44,443.240,34.413,34.000,3312.32
2025-09-05T11:40:45,444.232,34.437,34.000,3311.29
2025-09-05T11:40:46,445.238,34.558,34.000,3239.53
2025-09-05T11:40:47,446.236,34.680,34.000,3195.37
2025-09-05T11:40:48,447.237,34.741,34.000,3173.10
2025-09-05T11:40:49,448.240,34.789,34.000,3145.79
2025-09-05T11:40:50,449.239,34.886,34.000,3102.47
2025-09-05T11:40:51,450.233,34.959,34.000,3059.22
2025-09-05T11:40:52,451.236,34.959,34.000,3063.69
2025-09-05T11:40:53,452.267,34.959,34.000,3058.89
2025-09-05T11:40:54,453.236,34.959,34.000,3054.09
2025-09-05T11:40:55,454.234,34.972,34.000,3042.43
2025-09-05T11:40:56,455.238,34.984,34.000,3032.66
2025-09-05T11:40:57,456.238,34.996,34.000,3024.76
2025-09-05T11:40:58,457.239,35.008,34.000,3012.91
2025-09-05T11:40:59,458.235,35.008,34.000,3009.82
2025-09-05T11:41:00,459.236,35.020,34.000,3000.44
2025-09-05T11:41:01,460.240,35.020,34.000,2994.74
2025-09-05T11:41:02,461.244,35.008,34.000,2994.57
2025-09-05T11:41:03,462.237,35.008,34.000,2989.53
2025-09-05T11:41:04,463.242,35.020,34.000,2977.63
2025-09-05T11:41:05,464.240,35.020,34.000,2974.48
2025-09-05T11:41:06,465.240,35.020,34.000,2969.37
2025-09-05T11:41:07,466.241,35.020,34.000,2964.27
2025-09-05T11:41:08,467.241,35.020,34.000,2959.17
2025-09-05T11:41:09,468.246,35.020,34.000,2954.07
2025-09-05T11:41:10,469.238,35.020,34.000,2948.96
2025-09-05T11:41:11,470.240,35.020,34.000,2943.86
2025-09-05T11:41:12,471.241,35.020,34.000,2938.75
2025-09-05T11:41:13,472.246,35.020,34.000,2933.65
2025-09-05T11:41:14,473.248,35.020,34.000,2928.54
2025-09-05T11:41:15,474.241,35.020,34.000,2923.44
2025-09-05T11:41:16,475.250,35.020,34.000,2918.34
2025-09-05T11:41:17,476.242,35.020,34.000,2913.23
2025-09-05T11:41:18,477.243,35.020,34.000,2908.13
2025-09-05T11:41:19,478.243,35.045,34.000,2891.21
2025-09-05T11:41:20,479.244,35.069,34.000,2876.13
2025-09-05T11:41:21,480.243,35.082,34.000,2867.79
2025-09-05T11:41:22,481.243,35.008,34.000,2899.70
2025-09-05T11:41:23,482.239,34.874,34.000,2954.56
2025-09-05T11:41:24,483.244,34.704,34.000,3017.04
2025-09-05T11:41:25,484.271,34.607,34.000,3048.86
2025-09-05T11:41:26,485.241,34.595,34.000,3042.97
2025-09-05T11:41:27,486.247,34.595,34.000,3039.99
2025-09-05T11:41:28,487.245,34.595,34.000,3037.02
2025-09-05T11:41:29,488.254,34.595,34.000,3034.05
2025-09-05T11:41:30,489.242,34.595,34.000,3031.07
2025-09-05T11:41:31,490.245,34.595,34.000,3028.10
2025-09-05T11:41:32,491.247,34.595,34.000,3025.13
2025-09-05T11:41:33,492.247,34.595,34.000,3022.15
2025-09-05T11:41:34,493.249,34.595,34.000,3019.18
2025-09-05T11:41:35,494.243,34.595,34.000,3016.21
2025-09-05T11:41:36,495.246,34.595,34.000,3013.23
2025-09-05T11:41:37,496.248,34.607,34.000,3003.43
2025-09-05T11:41:38,497.249,34.619,34.000,2995.52
2025-09-05T11:41:39,498.245,34.643,34.000,2982.62
2025-09-05T11:41:40,499.250,34.655,34.000,2974.52
2025-09-05T11:41:41,500.249,34.655,34.000,2973.19
2025-09-05T11:41:42,501.248,34.655,34.000,2969.91
2025-09-05T11:41:43,502.246,34.655,34.000,2966.63
2025-09-05T11:41:44,503.258,34.680,34.000,2949.69
2025-09-05T11:41:45,504.246,34.777,34.000,2903.12
2025-09-05T11:41:46,505.253,34.947,34.000,2820.67
2025-09-05T11:41:47,506.248,35.094,34.000,2764.55
2025-09-05T11:41:48,507.260,35.204,34.000,2716.63
2025-09-05T11:41:49,508.253,35.204,34.000,2718.43
2025-09-05T11:41:50,509.254,35.179,34.000,2724.24
2025-09-05T11:41:51,510.251,35.179,34.000,2716.39
2025-09-05T11:41:52,511.259,35.192,34.000,2703.61
2025-09-05T11:41:53,512.264,35.204,34.000,2694.65
2025-09-05T11:41:54,513.252,35.204,34.000,2688.63
2025-09-05T11:41:55,514.250,35.204,34.000,2682.61
2025-09-05T11:41:56,515.253,35.204,34.000,2676.59
2025-09-05T11:41:57,516.253,35.204,34.000,2670.57
2025-09-05T11:41:58,517.253,35.204,34.000,2664.55
2025-09-05T11:41:59,518.257,35.204,34.000,2658.53
2025-09-05T11:42:00,519.251,35.192,34.000,2659.40
2025-09-05T11:42:01,520.255,35.192,34.000,2651.48
2025-09-05T11:42:02,521.255,35.192,34.000,2645.52
2025-09-05T11:42:03,522.254,35.204,34.000,2634.61
2025-09-05T11:42:04,523.258,35.204,34.000,2628.59
2025-09-05T11:42:05,524.257,35.204,34.000,2622.57
2025-09-05T11:42:06,525.259,35.204,34.000,2616.55
2025-09-05T11:42:07,526.254,35.204,34.000,2610.53
2025-09-05T11:42:08,527.256,35.204,34.000,2604.51
2025-09-05T11:42:09,528.261,35.204,34.000,2598.49
2025-09-05T11:42:10,529.258,35.204,34.000,2592.47
2025-09-05T11:42:11,530.255,35.204,34.000,2586.45
2025-09-05T11:42:12,531.263,35.204,34.000,2580.43
2025-09-05T11:42:13,532.256,35.204,34.000,2574.41
2025-09-05T11:42:14,533.258,35.204,34.000,2568.39
2025-09-05T11:42:15,534.255,35.204,34.000,2562.37
2025-09-05T11:42:16,535.259,35.204,34.000,2556.35
2025-09-05T11:42:17,536.259,35.204,34.000,2550.33
2025-09-05T11:42:18,537.259,35.204,34.000,2544.31
2025-09-05T11:42:19,538.260,35.204,34.000,2538.29
2025-09-05T11:42:20,539.259,35.204,34.000,2532.27
2025-09-05T11:42:21,540.260,35.204,34.000,2526.25
2025-09-05T11:42:22,541.259,35.204,34.000,2520.23
2025-09-05T11:42:23,542.258,35.204,34.000,2514.21
2025-09-05T11:42:24,543.261,35.204,34.000,2508.19
2025-09-05T11:42:25,544.261,35.204,34.000,2502.17
2025-09-05T11:42:26,545.257,35.204,34.000,2496.15
2025-09-05T11:42:27,546.265,35.204,34.000,2490.13
2025-09-05T11:42:28,547.275,35.204,34.000,2484.11
2025-09-05T11:42:29,548.266,35.204,34.000,2478.09
2025-09-05T11:42:30,549.271,35.204,34.000,2472.07
2025-09-05T11:42:31,550.262,35.204,34.000,2466.05
2025-09-05T11:42:32,551.262,35.204,34.000,2460.03
2025-09-05T11:42:33,552.265,35.204,34.000,2454.01
2025-09-05T11:42:34,553.266,35.204,34.000,2447.99
2025-09-05T11:42:35,554.280,35.192,34.000,2446.93
2025-09-05T11:42:36,555.265,35.179,34.000,2447.85
2025-09-05T11:42:37,556.264,35.179,34.000,2438.07
2025-09-05T11:42:38,557.266,35.155,34.000,2445.97
2025-09-05T11:42:39,558.270,35.155,34.000,2438.23
2025-09-05T11:42:40,559.268,34.996,34.000,2497.03
2025-09-05T11:42:41,560.270,34.850,34.000,2566.28
2025-09-05T11:42:42,561.276,34.753,34.000,2585.91
2025-09-05T11:42:43,562.273,34.655,34.000,2629.21
2025-09-05T11:42:44,563.267,34.655,34.000,2618.15
2025-09-05T11:42:45,564.265,34.655,34.000,2614.88
2025-09-05T11:42:46,565.268,34.655,34.000,2613.24
2025-09-05T11:42:47,566.292,34.655,34.000,2608.32
2025-09-05T11:42:48,567.266,34.655,34.000,2605.05
2025-09-05T11:42:49,568.267,34.655,34.000,2601.77
2025-09-05T11:42:50,569.270,34.643,34.000,2603.41
2025-09-05T11:42:51,570.271,34.631,34.000,2605.11
2025-09-05T11:42:52,571.274,34.643,34.000,2595.13
2025-09-05T11:42:53,572.270,34.655,34.000,2587.02
2025-09-05T11:42:54,573.270,34.655,34.000,2585.69
2025-09-05T11:42:55,574.271,34.924,34.000,2451.94
2025-09-05T11:42:56,575.277,35.119,34.000,2374.56
2025-09-05T11:42:57,576.271,35.266,34.000,2317.60
2025-09-05T11:42:58,577.271,35.143,34.000,2378.68
2025-09-05T11:42:59,578.273,35.143,34.000,2363.14
2025-09-05T11:43:00,579.272,35.143,34.000,2357.42
2025-09-05T11:43:01,580.269,35.143,34.000,2351.71
2025-09-05T11:43:02,581.278,35.143,34.000,2346.00
2025-09-05T11:43:03,582.279,35.143,34.000,2340.28
2025-09-05T11:43:04,583.286,35.143,34.000,2334.57
2025-09-05T11:43:05,584.272,35.143,34.000,2328.85
2025-09-05T11:43:06,585.274,35.143,34.000,2323.14
2025-09-05T11:43:07,586.279,35.143,34.000,2317.43
2025-09-05T11:43:08,587.275,35.143,34.000,2314.57
2025-09-05T11:43:09,588.274,35.130,34.000,2310.98
2025-09-05T11:43:10,589.274,35.118,34.000,2310.28
2025-09-05T11:43:11,590.272,35.118,34.000,2304.69
2025-09-05T11:43:12,591.276,35.106,34.000,2304.05
2025-09-05T11:43:13,592.276,35.082,34.000,2310.34
2025-09-05T11:43:14,593.280,35.082,34.000,2302.98
2025-09-05T11:43:15,594.276,35.082,34.000,2297.57
2025-09-05T11:43:16,595.276,35.106,34.000,2280.33
2025-09-05T11:43:17,596.277,35.130,34.000,2264.93
2025-09-05T11:43:18,597.278,35.130,34.000,2263.16
2025-09-05T11:43:19,598.278,35.118,34.000,2260.50
2025-09-05T11:43:20,599.279,35.094,34.000,2266.74
2025-09-05T11:43:21,600.282,35.094,34.000,2259.31
2025-09-05T11:43:22,601.278,35.082,34.000,2258.79
2025-09-05T11:43:23,602.279,35.082,34.000,2253.39
2025-09-05T11:43:24,603.276,35.082,34.000,2247.98
2025-09-05T11:43:25,604.283,35.082,34.000,2242.57
2025-09-05T11:43:26,605.276,35.082,34.000,2237.16
2025-09-05T11:43:27,606.279,35.082,34.000,2231.75
2025-09-05T11:43:28,607.288,35.045,34.000,2245.02
2025-09-05T11:43:29,608.278,34.996,34.000,2259.51
2025-09-05T11:43:30,609.278,34.959,34.000,2267.37
2025-09-05T11:43:31,610.279,34.959,34.000,2260.62
2025-09-05T11:43:32,611.285,34.959,34.000,2255.83
2025-09-05T11:43:33,612.282,34.959,34.000,2253.43
2025-09-05T11:43:34,613.285,34.935,34.000,2258.05
2025-09-05T11:43:35,614.294,34.911,34.000,2263.22
2025-09-05T11:43:36,615.282,34.898,34.000,2261.65
2025-09-05T11:43:37,616.301,34.898,34.000,2259.41
2025-09-05T11:43:38,617.282,34.898,34.000,2252.67
2025-09-05T11:43:39,618.285,34.898,34.000,2248.17
2025-09-05T11:43:40,619.285,34.898,34.000,2243.68
2025-09-05T11:43:41,620.283,34.898,34.000,2239.19
2025-09-05T11:43:42,621.282,34.898,34.000,2234.70
2025-09-05T11:43:43,622.282,34.898,34.000,2230.20
2025-09-05T11:43:44,623.290,34.898,34.000,2225.71
2025-09-05T11:43:45,624.282,34.886,34.000,2227.12
2025-09-05T11:43:46,625.284,34.886,34.000,2221.72
2025-09-05T11:43:47,626.284,34.886,34.000,2217.28
2025-09-05T11:43:48,627.282,34.874,34.000,2219.70
2025-09-05T11:43:49,628.290,34.850,34.000,2225.16
2025-09-05T11:43:50,629.302,34.850,34.000,2218.97
2025-09-05T11:43:51,630.287,34.850,34.000,2214.72
2025-09-05T11:43:52,631.290,34.838,34.000,2217.32
2025-09-05T11:43:53,632.284,34.765,34.000,2246.46
2025-09-05T11:43:54,633.287,34.667,34.000,2283.82
2025-09-05T11:43:55,634.286,34.522,34.000,2343.06
2025-09-05T11:43:56,635.285,34.413,34.000,2380.60
2025-09-05T11:43:57,636.285,34.340,34.000,2404.00
2025-09-05T11:43:58,637.289,34.352,34.000,2393.54
2025-09-05T11:43:59,638.286,34.352,34.000,2391.78
2025-09-05T11:44:00,639.287,34.352,34.000,2390.01
2025-09-05T11:44:01,640.286,34.352,34.000,2388.25
2025-09-05T11:44:02,641.287,34.352,34.000,2386.49
2025-09-05T11:44:03,642.286,34.352,34.000,2384.72
2025-09-05T11:44:04,643.298,34.352,34.000,2382.96
2025-09-05T11:44:05,644.294,34.352,34.000,2381.20
2025-09-05T11:44:06,645.286,34.352,34.000,2380.32
2025-09-05T11:44:07,646.287,34.352,34.000,2377.67
2025-09-05T11:44:08,647.300,34.352,34.000,2375.91
2025-09-05T11:44:09,648.288,34.352,34.000,2374.15
2025-09-05T11:44:10,649.289,34.486,34.000,2297.24
2025-09-05T11:44:11,650.291,34.595,34.000,2262.51
2025-09-05T11:44:12,651.289,34.765,34.000,2185.20
2025-09-05T11:44:13,652.292,34.777,34.000,2184.38
2025-09-05T11:44:14,653.292,34.838,34.000,2159.82
2025-09-05T11:44:15,654.286,34.838,34.000,2159.52
2025-09-05T11:44:16,655.292,34.850,34.000,2148.48
2025-09-05T11:44:17,656.304,34.862,34.000,2139.33
2025-09-05T11:44:18,657.287,34.862,34.000,2136.97
2025-09-05T11:44:19,658.291,34.850,34.000,2137.59
2025-09-05T11:44:20,659.291,34.838,34.000,2142.31
2025-09-05T11:44:21,660.294,34.838,34.000,2134.08
2025-09-05T11:44:22,661.293,34.838,34.000,2129.89
2025-09-05T11:44:23,662.291,34.838,34.000,2125.71
2025-09-05T11:44:24,663.295,34.825,34.000,2128.36
2025-09-05T11:44:25,664.291,34.801,34.000,2134.06
2025-09-05T11:44:26,665.289,34.777,34.000,2139.88
2025-09-05T11:44:27,666.291,34.777,34.000,2134.05
2025-09-05T11:44:28,667.289,34.777,34.000,2130.16
2025-09-05T11:44:29,668.297,34.777,34.000,2126.28
2025-09-05T11:44:30,669.301,34.777,34.000,2122.39
2025-09-05T11:44:31,670.295,34.777,34.000,2118.51
2025-09-05T11:44:32,671.298,34.777,34.000,2114.62
2025-09-05T11:44:33,672.296,34.777,34.000,2110.74
2025-09-05T11:44:34,673.295,34.777,34.000,2106.85
2025-09-05T11:44:35,674.300,34.777,34.000,2104.91
2025-09-05T11:44:36,675.295,34.777,34.000,2099.09
2025-09-05T11:44:37,676.295,34.777,34.000,2095.20
2025-09-05T11:44:38,677.294,34.765,34.000,2098.15
2025-09-05T11:44:39,678.295,34.740,34.000,2104.15
2025-09-05T11:44:40,679.295,34.716,34.000,2110.26
2025-09-05T11:44:41,680.295,34.716,34.000,2106.52
2025-09-05T11:44:42,681.296,34.716,34.000,2101.15
2025-09-05T11:44:43,682.295,34.716,34.000,2097.57
2025-09-05T11:44:44,683.299,34.716,34.000,2093.99
2025-09-05T11:44:45,684.299,34.716,34.000,2090.41
2025-09-05T11:44:46,685.295,34.716,34.000,2086.83
2025-09-05T11:44:47,686.298,34.692,34.000,2095.00
2025-09-05T11:44:48,687.302,34.680,34.000,2096.42
2025-09-05T11:44:49,688.298,34.667,34.000,2096.00
2025-09-05T11:44:50,689.298,34.655,34.000,2099.50
2025-09-05T11:44:51,690.299,34.655,34.000,2094.28
2025-09-05T11:44:52,691.300,34.655,34.000,2091.00
2025-09-05T11:44:53,692.299,34.655,34.000,2087.72
2025-09-05T11:44:54,693.302,34.655,34.000,2084.45
2025-09-05T11:44:55,694.301,34.631,34.000,2092.91
2025-09-05T11:44:56,695.299,34.631,34.000,2087.80
2025-09-05T11:44:57,696.302,34.510,34.000,2143.38
2025-09-05T11:44:58,697.301,34.341,34.000,2216.83
2025-09-05T11:44:59,698.298,34.172,34.000,2259.77
2025-09-05T11:45:00,699.322,34.111,34.000,2282.16
2025-09-05T11:45:01,700.301,34.111,34.000,2289.04
2025-09-05T11:45:02,701.302,34.111,34.000,2288.48
2025-09-05T11:45:03,702.302,34.111,34.000,2287.93
2025-09-05T11:45:04,703.302,34.111,34.000,2287.37
2025-09-05T11:45:05,704.303,34.111,34.000,2286.82
2025-09-05T11:45:06,705.303,34.111,34.000,2286.26
2025-09-05T11:45:07,706.311,34.111,34.000,2285.70
2025-09-05T11:45:08,707.303,34.111,34.000,2285.15
2025-09-05T11:45:09,708.305,34.111,34.000,2284.59
2025-09-05T11:45:10,709.308,34.111,34.000,2284.03
2025-09-05T11:45:11,710.306,34.159,34.000,2256.34
2025-09-05T11:45:12,711.305,34.256,34.000,2216.58
2025-09-05T11:45:13,712.307,34.425,34.000,2139.30
2025-09-05T11:45:14,713.312,34.522,34.000,2105.79
2025-09-05T11:45:15,714.307,34.595,34.000,2077.69
2025-09-05T11:45:16,715.307,34.595,34.000,2078.59
2025-09-05T11:45:17,716.309,34.595,34.000,2075.62
2025-09-05T11:45:18,717.308,34.595,34.000,2072.64
2025-09-05T11:45:19,718.306,34.595,34.000,2071.16
2025-09-05T11:45:20,719.314,34.582,34.000,2073.51
2025-09-05T11:45:21,720.307,34.558,34.000,2080.39
2025-09-05T11:45:22,721.316,34.534,34.000,2087.39
2025-09-05T11:45:23,722.308,34.534,34.000,2082.78
2025-09-05T11:45:24,723.310,34.534,34.000,2080.11
2025-09-05T11:45:25,724.312,34.534,34.000,2077.44
2025-09-05T11:45:26,725.310,34.534,34.000,2074.77
2025-09-05T11:45:27,726.321,34.534,34.000,2072.10
2025-09-05T11:45:28,727.321,34.534,34.000,2069.43
2025-09-05T11:45:29,728.307,34.534,34.000,2066.76
2025-09-05T11:45:30,729.314,34.522,34.000,2070.90
2025-09-05T11:45:31,730.310,34.522,34.000,2066.35
2025-09-05T11:45:32,731.311,34.510,34.000,2070.55
2025-09-05T11:45:33,732.320,34.522,34.000,2061.16
2025-09-05T11:45:34,733.324,34.510,34.000,2064.43
2025-09-05T11:45:35,734.314,34.510,34.000,2062.82
2025-09-05T11:45:36,735.312,34.486,34.000,2070.05
2025-09-05T11:45:37,736.317,34.473,34.000,2072.49
2025-09-05T11:45:38,737.312,34.473,34.000,2068.19
2025-09-05T11:45:39,738.315,34.473,34.000,2065.82
2025-09-05T11:45:40,739.312,34.473,34.000,2063.45
2025-09-05T11:45:41,740.313,34.473,34.000,2061.09
2025-09-05T11:45:42,741.313,34.473,34.000,2058.72
2025-09-05T11:45:43,742.315,34.461,34.000,2062.22
2025-09-05T11:45:44,743.313,34.449,34.000,2063.84
2025-09-05T11:45:45,744.308,34.425,34.000,2073.31
2025-09-05T11:45:46,745.313,34.425,34.000,2069.24
2025-09-05T11:45:47,746.315,34.413,34.000,2072.02
2025-09-05T11:45:48,747.314,34.413,34.000,2069.95
2025-09-05T11:45:49,748.320,34.413,34.000,2067.89
2025-09-05T11:45:50,749.316,34.413,34.000,2065.82
2025-09-05T11:45:51,750.315,34.401,34.000,2068.66
2025-09-05T11:45:52,751.319,34.389,34.000,2071.55
2025-09-05T11:45:53,752.316,34.389,34.000,2069.60
2025-09-05T11:45:54,753.320,34.377,34.000,2072.56
2025-09-05T11:45:55,754.318,34.352,34.000,2082.37
2025-09-05T11:45:56,755.316,34.352,34.000,2078.67
2025-09-05T11:45:57,756.318,34.352,34.000,2076.91
2025-09-05T11:45:58,757.317,34.352,34.000,2075.15
2025-09-05T11:45:59,758.317,34.352,34.000,2073.38
2025-09-05T11:46:00,759.317,34.352,34.000,2071.62
2025-09-05T11:46:01,760.317,34.352,34.000,2070.74
2025-09-05T11:46:02,761.330,34.352,34.000,2068.10
2025-09-05T11:46:03,762.323,34.352,34.000,2066.33
2025-09-05T11:46:04,763.319,34.352,34.000,2064.57
2025-09-05T11:46:05,764.323,34.328,34.000,2074.49
2025-09-05T11:46:06,765.319,34.208,34.000,2136.70
2025-09-05T11:46:07,766.317,34.003,34.000,2216.38
2025-09-05T11:46:08,767.319,33.811,34.000,2294.08
2025-09-05T11:46:09,768.319,33.811,34.000,2279.63
2025-09-05T11:46:10,769.321,33.811,34.000,2280.58
2025-09-05T11:46:11,770.319,33.811,34.000,2281.52
2025-09-05T11:46:12,771.321,33.811,34.000,2282.47
2025-09-05T11:46:13,772.323,33.811,34.000,2283.41
2025-09-05T11:46:14,773.322,33.811,34.000,2284.36
2025-09-05T11:46:15,774.320,33.811,34.000,2285.31
2025-09-05T11:46:16,775.321,33.811,34.000,2286.25
2025-09-05T11:46:17,776.323,33.811,34.000,2287.20
2025-09-05T11:46:18,777.321,33.859,34.000,2263.03
2025-09-05T11:46:19,778.323,33.955,34.000,2223.02
2025-09-05T11:46:20,779.321,34.111,34.000,2154.33
2025-09-05T11:46:21,780.324,34.220,34.000,2115.74
2025-09-05T11:46:22,781.322,34.292,34.000,2089.26
2025-09-05T11:46:23,782.338,34.304,34.000,2084.87
2025-09-05T11:46:24,783.322,34.304,34.000,2085.28
2025-09-05T11:46:25,784.323,34.304,34.000,2083.76
2025-09-05T11:46:26,785.326,34.304,34.000,2082.23
2025-09-05T11:46:27,786.324,34.316,34.000,2073.92
2025-09-05T11:46:28,787.320,34.304,34.000,2081.06
2025-09-05T11:46:29,788.326,34.316,34.000,2070.82
2025-09-05T11:46:30,789.325,34.304,34.000,2076.06
2025-09-05T11:46:31,790.327,34.304,34.000,2074.54
2025-09-05T11:46:32,791.324,34.292,34.000,2078.88
2025-09-05T11:46:33,792.326,34.292,34.000,2076.45
2025-09-05T11:46:34,793.324,34.292,34.000,2074.99
2025-09-05T11:46:35,794.327,34.292,34.000,2073.53
2025-09-05T11:46:36,795.325,34.292,34.000,2072.07
2025-09-05T11:46:37,796.325,34.292,34.000,2070.61
2025-09-05T11:46:38,797.325,34.292,34.000,2069.14
2025-09-05T11:46:39,798.323,34.292,34.000,2067.68
2025-09-05T11:46:40,799.326,34.292,34.000,2066.22
2025-09-05T11:46:41,800.323,34.292,34.000,2064.76
2025-09-05T11:46:42,801.336,34.292,34.000,2063.30
2025-09-05T11:46:43,802.325,34.292,34.000,2061.84
2025-09-05T11:46:44,803.329,34.292,34.000,2060.38
2025-09-05T11:46:45,804.330,34.292,34.000,2058.92
2025-09-05T11:46:46,805.328,34.292,34.000,2057.46
2025-09-05T11:46:47,806.344,34.292,34.000,2056.00
2025-09-05T11:46:48,807.333,34.280,34.000,2061.33
2025-09-05T11:46:49,808.325,34.256,34.000,2069.67
2025-09-05T11:46:50,809.331,34.232,34.000,2078.14
2025-09-05T11:46:51,810.329,34.232,34.000,2075.05
2025-09-05T11:46:52,811.330,34.232,34.000,2073.89
2025-09-05T11:46:53,812.332,34.232,34.000,2072.73
2025-09-05T11:46:54,813.331,34.232,34.000,2071.57
2025-09-05T11:46:55,814.335,34.232,34.000,2070.41
2025-09-05T11:46:56,815.332,34.232,34.000,2069.25
2025-09-05T11:46:57,816.333,34.232,34.000,2068.09
2025-09-05T11:46:58,817.337,34.232,34.000,2066.93
2025-09-05T11:46:59,818.332,34.232,34.000,2065.77
2025-09-05T11:47:00,819.334,34.232,34.000,2064.62
2025-09-05T11:47:01,820.351,34.232,34.000,2063.46
2025-09-05T11:47:02,821.335,34.220,34.000,2069.08
2025-09-05T11:47:03,822.337,34.196,34.000,2077.72
2025-09-05T11:47:04,823.347,34.171,34.000,2086.48
2025-09-05T11:47:05,824.333,34.171,34.000,2083.69
2025-09-05T11:47:06,825.335,34.171,34.000,2082.83
2025-09-05T11:47:07,826.334,34.171,34.000,2081.97
2025-09-05T11:47:08,827.334,34.171,34.000,2081.12
2025-09-05T11:47:09,828.335,34.159,34.000,2087.04
2025-09-05T11:47:10,829.334,34.135,34.000,2095.97
2025-09-05T11:47:11,830.335,34.111,34.000,2105.02
2025-09-05T11:47:12,831.336,34.111,34.000,2102.53
2025-09-05T11:47:13,832.335,34.087,34.000,2113.62
2025-09-05T11:47:14,833.333,34.063,34.000,2122.91
2025-09-05T11:47:15,834.352,34.051,34.000,2125.54
2025-09-05T11:47:16,835.336,34.039,34.000,2132.05
2025-09-05T11:47:17,836.339,33.931,34.000,2188.75
2025-09-05T11:47:18,837.337,33.811,34.000,2231.82
2025-09-05T11:47:19,838.336,33.643,34.000,2304.32
2025-09-05T11:47:20,839.339,33.572,34.000,2331.14
2025-09-05T11:47:21,840.337,33.500,34.000,2356.52
2025-09-05T11:47:22,841.345,33.464,34.000,2371.59
2025-09-05T11:47:23,842.338,33.452,34.000,2379.07
2025-09-05T11:47:24,843.337,33.452,34.000,2379.90
2025-09-05T11:47:25,844.342,33.452,34.000,2382.64
2025-09-05T11:47:26,845.349,33.452,34.000,2385.38
2025-09-05T11:47:27,846.339,33.452,34.000,2388.12
2025-09-05T11:47:28,847.340,33.452,34.000,2390.86
2025-09-05T11:47:29,848.339,33.452,34.000,2393.60
2025-09-05T11:47:30,849.339,33.452,34.000,2396.34
2025-09-05T11:47:31,850.340,33.452,34.000,2399.08
2025-09-05T11:47:32,851.340,33.452,34.000,2401.82
2025-09-05T11:47:33,852.340,33.452,34.000,2404.56
2025-09-05T11:47:34,853.340,33.452,34.000,2407.30
2025-09-05T11:47:35,854.340,33.452,34.000,2410.04
2025-09-05T11:47:36,855.340,33.500,34.000,2387.79
2025-09-05T11:47:37,856.341,33.667,34.000,2313.11
2025-09-05T11:47:38,857.344,33.859,34.000,2237.41
2025-09-05T11:47:39,858.341,33.955,34.000,2208.92
2025-09-05T11:47:40,859.342,33.967,34.000,2210.04
2025-09-05T11:47:41,860.342,33.979,34.000,2203.45
2025-09-05T11:47:42,861.342,33.967,34.000,2210.34
2025-09-05T11:47:43,862.341,33.979,34.000,2205.64
2025-09-05T11:47:44,863.344,33.979,34.000,2205.75
2025-09-05T11:47:45,864.343,33.955,34.000,2217.48
2025-09-05T11:47:46,865.350,33.955,34.000,2215.78
2025-09-05T11:47:47,866.347,33.979,34.000,2204.38
2025-09-05T11:47:48,867.347,33.979,34.000,2206.41
2025-09-05T11:47:49,868.343,33.967,34.000,2211.38
2025-09-05T11:47:50,869.346,33.979,34.000,2204.79
2025-09-05T11:47:51,870.350,33.991,34.000,2200.06
2025-09-05T11:47:52,871.380,33.979,34.000,2208.78
2025-09-05T11:47:53,872.344,33.955,34.000,2218.59
2025-09-05T11:47:54,873.346,33.931,34.000,2228.52
2025-09-05T11:47:55,874.345,33.931,34.000,2226.94
2025-09-05T11:47:56,875.345,33.931,34.000,2227.29
2025-09-05T11:47:57,876.348,33.931,34.000,2227.63
2025-09-05T11:47:58,877.354,33.931,34.000,2227.98
2025-09-05T11:47:59,878.347,33.931,34.000,2228.33
2025-09-05T11:48:00,879.349,33.907,34.000,2240.29
2025-09-05T11:48:01,880.347,33.883,34.000,2250.45
2025-09-05T11:48:02,881.351,33.871,34.000,2253.97
2025-09-05T11:48:03,882.347,33.871,34.000,2254.62
2025-09-05T11:48:04,883.356,33.871,34.000,2254.94
2025-09-05T11:48:05,884.347,33.871,34.000,2255.91
2025-09-05T11:48:06,885.349,33.859,34.000,2261.41
2025-09-05T11:48:07,886.359,33.859,34.000,2262.12
2025-09-05T11:48:08,887.350,33.859,34.000,2262.83
2025-09-05T11:48:09,888.345,33.847,34.000,2270.28
2025-09-05T11:48:10,889.355,33.823,34.000,2280.73
2025-09-05T11:48:11,890.359,33.823,34.000,2281.59
2025-09-05T11:48:12,891.350,33.823,34.000,2280.55
2025-09-05T11:48:13,892.359,33.811,34.000,2288.18
2025-09-05T11:48:14,893.354,33.811,34.000,2287.21
2025-09-05T11:48:15,894.353,33.811,34.000,2288.16
2025-09-05T11:48:16,895.350,33.823,34.000,2282.36
2025-09-05T11:48:17,896.366,33.823,34.000,2285.16
2025-09-05T11:48:18,897.354,33.823,34.000,2286.05
2025-09-05T11:48:19,898.350,33.811,34.000,2291.79
2025-09-05T11:48:20,899.351,33.811,34.000,2292.74
2025-09-05T11:48:21,900.354,33.811,34.000,2293.68
2025-09-05T11:48:22,901.352,33.823,34.000,2287.88
2025-09-05T11:48:23,902.352,33.835,34.000,2283.94
2025-09-05T11:48:24,903.352,33.835,34.000,2286.68
2025-09-05T11:48:25,904.353,33.847,34.000,2280.76
2025-09-05T11:48:26,905.353,33.859,34.000,2276.70
2025-09-05T11:48:27,906.364,33.871,34.000,2274.47
2025-09-05T11:48:28,907.355,33.871,34.000,2275.12
2025-09-05T11:48:29,908.355,33.871,34.000,2275.76
2025-09-05T11:48:30,909.354,33.871,34.000,2276.41
2025-09-05T11:48:31,910.354,33.871,34.000,2277.05
2025-09-05T11:48:32,911.358,33.871,34.000,2277.70
2025-09-05T11:48:33,912.354,33.871,34.000,2278.34
2025-09-05T11:48:34,913.355,33.871,34.000,2278.99
2025-09-05T11:48:35,914.354,33.787,34.000,2321.15
2025-09-05T11:48:36,915.356,33.691,34.000,2360.90
2025-09-05T11:48:37,916.355,33.548,34.000,2420.41
2025-09-05T11:48:38,917.355,33.476,34.000,2449.69
2025-09-05T11:48:39,918.356,33.452,34.000,2454.38
2025-09-05T11:48:40,919.377,33.452,34.000,2459.03
2025-09-05T11:48:41,920.356,33.440,34.000,2468.48
2025-09-05T11:48:42,921.353,33.440,34.000,2469.37
2025-09-05T11:48:43,922.357,33.440,34.000,2472.17
2025-09-05T11:48:44,923.358,33.452,34.000,2470.14
2025-09-05T11:48:45,924.355,33.452,34.000,2472.88
2025-09-05T11:48:46,925.357,33.452,34.000,2475.62
2025-09-05T11:48:47,926.361,33.452,34.000,2478.36
2025-09-05T11:48:48,927.362,33.452,34.000,2481.10
2025-09-05T11:48:49,928.360,33.452,34.000,2483.84
2025-09-05T11:48:50,929.361,33.452,34.000,2486.58
2025-09-05T11:48:51,930.365,33.452,34.000,2489.32
2025-09-05T11:48:52,931.368,33.452,34.000,2492.06
2025-09-05T11:48:53,932.364,33.536,34.000,2453.40
2025-09-05T11:48:54,933.360,33.619,34.000,2422.81
2025-09-05T11:48:55,934.358,33.703,34.000,2389.95
2025-09-05T11:48:56,935.362,33.775,34.000,2364.32
2025-09-05T11:48:57,936.360,33.871,34.000,2324.71
2025-09-05T11:48:58,937.364,33.871,34.000,2333.03
2025-09-05T11:48:59,938.361,33.871,34.000,2333.67
2025-09-05T11:49:00,939.361,33.871,34.000,2334.32
2025-09-05T11:49:01,940.365,33.871,34.000,2334.96
2025-09-05T11:49:02,941.362,33.871,34.000,2335.61
2025-09-05T11:49:03,942.361,33.859,34.000,2343.00
2025-09-05T11:49:04,943.361,33.847,34.000,2348.54
2025-09-05T11:49:05,944.363,33.847,34.000,2347.38
2025-09-05T11:49:06,945.367,33.835,34.000,2354.89
2025-09-05T11:49:07,946.363,33.823,34.000,2360.55
2025-09-05T11:49:08,947.363,33.811,34.000,2364.37
2025-09-05T11:49:09,948.362,33.787,34.000,2376.91
2025-09-05T11:49:10,949.365,33.763,34.000,2387.66
2025-09-05T11:49:11,950.365,33.751,34.000,2391.78
2025-09-05T11:49:12,951.363,33.751,34.000,2393.02
2025-09-05T11:49:13,952.365,33.751,34.000,2394.27
2025-09-05T11:49:14,953.366,33.751,34.000,2395.51
2025-09-05T11:49:15,954.365,33.751,34.000,2396.76
2025-09-05T11:49:16,955.364,33.751,34.000,2397.38
2025-09-05T11:49:17,956.365,33.751,34.000,2399.25
2025-09-05T11:49:18,957.361,33.751,34.000,2400.50
2025-09-05T11:49:19,958.373,33.751,34.000,2401.74
2025-09-05T11:49:20,959.364,33.751,34.000,2402.99
2025-09-05T11:49:21,960.369,33.751,34.000,2404.23
2025-09-05T11:49:22,961.371,33.751,34.000,2405.48
2025-09-05T11:49:23,962.366,33.751,34.000,2406.10
2025-09-05T11:49:24,963.370,33.751,34.000,2407.97
2025-09-05T11:49:25,964.369,33.763,34.000,2404.36
2025-09-05T11:49:26,965.367,33.775,34.000,2398.81
2025-09-05T11:49:27,966.374,33.763,34.000,2408.59
2025-09-05T11:49:28,967.367,33.763,34.000,2407.86
2025-09-05T11:49:29,968.390,33.751,34.000,2413.90
2025-09-05T11:49:30,969.366,33.751,34.000,2415.14
2025-09-05T11:49:31,970.368,33.751,34.000,2416.39
2025-09-05T11:49:32,971.511,33.751,34.000,2417.63
2025-09-05T11:49:33,972.368,33.751,34.000,2418.88
2025-09-05T11:49:34,973.368,33.751,34.000,2420.12
2025-09-05T11:49:35,974.369,33.751,34.000,2421.37
2025-09-05T11:49:36,975.369,33.751,34.000,2422.61
2025-09-05T11:49:37,976.369,33.775,34.000,2412.27
2025-09-05T11:49:38,977.366,33.775,34.000,2415.31
2025-09-05T11:49:39,978.369,33.787,34.000,2411.58
2025-09-05T11:49:40,979.370,33.799,34.000,2406.83
2025-09-05T11:49:41,980.371,33.799,34.000,2408.30
2025-09-05T11:49:42,981.371,33.799,34.000,2409.80
2025-09-05T11:49:43,982.370,33.811,34.000,2410.31
2025-09-05T11:49:44,983.370,33.811,34.000,2405.50
2025-09-05T11:49:45,984.373,33.811,34.000,2407.88
2025-09-05T11:49:46,985.367,33.811,34.000,2408.82
2025-09-05T11:49:47,986.373,33.811,34.000,2409.77
2025-09-05T11:49:48,987.370,33.811,34.000,2410.24
2025-09-05T11:49:49,988.374,33.811,34.000,2411.19
2025-09-05T11:49:50,989.371,33.799,34.000,2419.35
2025-09-05T11:49:51,990.372,33.727,34.000,2453.28
2025-09-05T11:49:52,991.372,33.441,34.000,2600.23
2025-09-05T11:49:53,992.372,33.322,34.000,2622.77
2025-09-05T11:49:54,993.378,33.250,34.000,2651.28
2025-09-05T11:49:55,994.375,33.392,34.000,2569.29
2025-09-05T11:49:56,995.384,33.392,34.000,2596.62
2025-09-05T11:49:57,996.377,33.392,34.000,2599.65
2025-09-05T11:49:58,997.413,33.392,34.000,2602.69
2025-09-05T11:49:59,998.390,33.404,34.000,2600.90
2025-09-05T11:50:00,999.381,33.404,34.000,2603.88
2025-09-05T11:50:01,1000.381,33.416,34.000,2602.03
2025-09-05T11:50:02,1001.383,33.536,34.000,2539.58
2025-09-05T11:50:03,1002.381,33.739,34.000,2461.64
2025-09-05T11:50:04,1003.382,33.931,34.000,2385.63
2025-09-05T11:50:05,1004.385,33.931,34.000,2401.29
2025-09-05T11:50:06,1005.383,33.943,34.000,2394.88
2025-09-05T11:50:07,1006.382,33.967,34.000,2385.46
2025-09-05T11:50:08,1007.382,33.991,34.000,2375.93
2025-09-05T11:50:09,1008.385,33.991,34.000,2377.89
2025-09-05T11:50:10,1009.383,33.991,34.000,2377.92
2025-09-05T11:50:11,1010.389,33.991,34.000,2377.98
2025-09-05T11:50:12,1011.391,33.991,34.000,2378.03
2025-09-05T11:50:13,1012.383,33.991,34.000,2378.07
2025-09-05T11:50:14,1013.383,33.991,34.000,2378.12
2025-09-05T11:50:15,1014.386,33.991,34.000,2378.17
2025-09-05T11:50:16,1015.384,33.991,34.000,2378.21
2025-09-05T11:50:17,1016.385,33.991,34.000,2378.26
2025-09-05T11:50:18,1017.382,33.991,34.000,2378.30
2025-09-05T11:50:19,1018.384,33.991,34.000,2378.35
2025-09-05T11:50:20,1019.385,33.991,34.000,2378.39
2025-09-05T11:50:21,1020.381,33.991,34.000,2378.44
2025-09-05T11:50:22,1021.388,33.991,34.000,2378.48
2025-09-05T11:50:23,1022.386,33.991,34.000,2378.53
2025-09-05T11:50:24,1023.386,33.991,34.000,2378.57
2025-09-05T11:50:25,1024.386,33.991,34.000,2378.62
2025-09-05T11:50:26,1025.386,33.991,34.000,2378.66
2025-09-05T11:50:27,1026.385,33.991,34.000,2378.71
2025-09-05T11:50:28,1027.393,33.991,34.000,2378.75
2025-09-05T11:50:29,1028.387,33.991,34.000,2378.80
2025-09-05T11:50:30,1029.388,33.991,34.000,2378.85
2025-09-05T11:50:31,1030.394,33.991,34.000,2378.89
2025-09-05T11:50:32,1031.384,33.991,34.000,2378.94
2025-09-05T11:50:33,1032.391,33.991,34.000,2378.98
2025-09-05T11:50:34,1033.388,33.991,34.000,2379.03
2025-09-05T11:50:35,1034.389,33.991,34.000,2379.07
2025-09-05T11:50:36,1035.390,33.991,34.000,2379.12
2025-09-05T11:50:37,1036.388,33.991,34.000,2379.14
2025-09-05T11:50:38,1037.388,33.991,34.000,2379.21
2025-09-05T11:50:39,1038.389,33.991,34.000,2379.25
2025-09-05T11:50:40,1039.390,33.991,34.000,2379.30
2025-09-05T11:50:41,1040.392,33.991,34.000,2379.34
2025-09-05T11:50:42,1041.390,33.991,34.000,2379.39
2025-09-05T11:50:43,1042.390,33.991,34.000,2379.44
2025-09-05T11:50:44,1043.391,33.991,34.000,2379.48
2025-09-05T11:50:45,1044.391,33.991,34.000,2379.53
2025-09-05T11:50:46,1045.392,33.991,34.000,2379.57
2025-09-05T11:50:47,1046.391,33.991,34.000,2379.62
2025-09-05T11:50:48,1047.393,33.991,34.000,2379.66
2025-09-05T11:50:49,1048.405,33.991,34.000,2379.71
2025-09-05T11:50:50,1049.393,33.991,34.000,2379.75
2025-09-05T11:50:51,1050.392,33.991,34.000,2379.80
2025-09-05T11:50:52,1051.394,33.991,34.000,2379.84
2025-09-05T11:50:53,1052.393,34.003,34.000,2373.12
2025-09-05T11:50:54,1053.400,34.015,34.000,2368.27
2025-09-05T11:50:55,1054.395,34.003,34.000,2376.88
2025-09-05T11:50:56,1055.395,33.919,34.000,2414.65
2025-09-05T11:50:57,1056.397,33.739,34.000,2493.44
2025-09-05T11:50:58,1057.394,33.619,34.000,2539.27
2025-09-05T11:50:59,1058.396,33.560,34.000,2557.74
2025-09-05T11:51:00,1059.394,33.524,34.000,2577.33
2025-09-05T11:51:01,1060.395,33.512,34.000,2582.37
2025-09-05T11:51:02,1061.396,33.512,34.000,2584.12
2025-09-05T11:51:03,1062.395,33.524,34.000,2581.73
2025-09-05T11:51:04,1063.395,33.524,34.000,2584.11
2025-09-05T11:51:05,1064.397,33.524,34.000,2588.37
2025-09-05T11:51:06,1065.396,33.536,34.000,2584.00
2025-09-05T11:51:07,1066.406,33.548,34.000,2581.49
2025-09-05T11:51:08,1067.397,33.548,34.000,2583.75
2025-09-05T11:51:09,1068.396,33.560,34.000,2581.18
2025-09-05T11:51:10,1069.396,33.571,34.000,2576.66
2025-09-05T11:51:11,1070.399,33.571,34.000,2580.72
2025-09-05T11:51:12,1071.401,33.571,34.000,2582.86
2025-09-05T11:51:13,1072.397,33.548,34.000,2598.43
2025-09-05T11:51:14,1073.399,33.560,34.000,2592.03
2025-09-05T11:51:15,1074.397,33.548,34.000,2600.95
2025-09-05T11:51:16,1075.398,33.560,34.000,2598.36
2025-09-05T11:51:17,1076.399,33.583,34.000,2587.08
2025-09-05T11:51:18,1077.409,33.643,34.000,2563.10
2025-09-05T11:51:19,1078.399,33.679,34.000,2552.30
2025-09-05T11:51:20,1079.400,33.751,34.000,2521.05
2025-09-05T11:51:21,1080.404,33.835,34.000,2486.51
2025-09-05T11:51:22,1081.401,33.931,34.000,2450.46
2025-09-05T11:51:23,1082.405,33.991,34.000,2426.57
2025-09-05T11:51:24,1083.401,34.039,34.000,2418.83
2025-09-05T11:51:25,1084.400,34.087,34.000,2387.55
2025-09-05T11:51:26,1085.401,34.111,34.000,2383.14
2025-09-05T11:51:27,1086.401,34.172,34.000,2352.49
2025-09-05T11:51:28,1087.402,34.196,34.000,2343.84
2025-09-05T11:51:29,1088.418,34.256,34.000,2318.51
2025-09-05T11:51:30,1089.402,34.292,34.000,2302.63
2025-09-05T11:51:31,1090.400,34.316,34.000,2293.35
2025-09-05T11:51:32,1091.403,34.316,34.000,2293.70
2025-09-05T11:51:33,1092.414,34.340,34.000,2280.43
2025-09-05T11:51:34,1093.404,34.353,34.000,2275.77
2025-09-05T11:51:35,1094.402,34.340,34.000,2280.80
2025-09-05T11:51:36,1095.410,34.328,34.000,2283.03
2025-09-05T11:51:37,1096.405,34.328,34.000,2278.52
2025-09-05T11:51:38,1097.404,34.316,34.000,2285.60
2025-09-05T11:51:39,1098.405,34.292,34.000,2293.77
2025-09-05T11:51:40,1099.405,34.256,34.000,2306.94
2025-09-05T11:51:41,1100.409,34.196,34.000,2333.85
2025-09-05T11:51:42,1101.405,34.196,34.000,2327.08
2025-09-05T11:51:43,1102.406,34.147,34.000,2349.41
2025-09-05T11:51:44,1103.402,34.063,34.000,2388.42
2025-09-05T11:51:45,1104.409,33.931,34.000,2441.50
2025-09-05T11:51:46,1105.408,33.811,34.000,2490.28
2025-09-05T11:51:47,1106.411,33.703,34.000,2532.85
2025-09-05T11:51:48,1107.412,33.252,34.000,2757.96
